keyword,category,intent,audience_tag,est_volume_band,competition_band,notes
best gaming chair for tall players under $400,gaming_chairs,buy,tall_users,low,mid,Long session gacha/MMO crowd skews tall
best gaming chair for short users under $300,gaming_chairs,buy,short_users,low,low,Underserved sub-5ft7 segment
best gaming chair for back pain wfh,gaming_chairs,buy,wfh_back_pain,mid,high,Crossover with ergonomic desk audience
best gaming chair for long gacha sessions,gaming_chairs,buy,gacha_grinders,low,low,Niche but on-brand for ntecodex
best gaming chair for heavy users over 300 lbs,gaming_chairs,buy,heavyweight_users,low,mid,High AOV segment
best gaming chair under $200 for students,gaming_chairs,buy,budget_under_200,mid,high,Entry tier
best gaming chair under $500 with lumbar support,gaming_chairs,buy,budget_under_500,mid,high,Sweet spot price
best gaming chair under $300 for teens,gaming_chairs,buy,teen_gamers,low,mid,Parent-buyer intent
best gaming chair for mmo grinders,gaming_chairs,buy,mmo_players,low,low,Direct audience overlap
best gaming chair for jrpg long sessions,gaming_chairs,buy,jrpg_players,low,low,Strong niche fit
best gaming chair for genshin streamers,gaming_chairs,buy,gacha_streamers,low,low,Streamer crossover
best gaming chair for sciatica relief,gaming_chairs,buy,sciatica_sufferers,low,mid,Medical-adjacent intent
best gaming chair for hip pain long sitting,gaming_chairs,buy,hip_pain,low,low,Specific pain point
best gaming chair for posture correction wfh,gaming_chairs,buy,posture_focused,low,mid,Ergonomic crossover
best gaming chair for small home office,gaming_chairs,buy,small_space,low,low,Apartment dwellers
best ergonomic gaming chair under $600,gaming_chairs,buy,ergo_premium,mid,high,Premium ergonomic
best gaming chair with footrest under $250,gaming_chairs,buy,budget_recliner,low,mid,Recliner feature search
best gaming chair for petite women under $350,gaming_chairs,buy,petite_women,low,low,Underserved demographic
best gaming chair for streamers under $500,gaming_chairs,buy,streamers,mid,high,Camera-aesthetics focus
best gaming chair for cosplayers under $400,gaming_chairs,buy,cosplayers,low,low,Aesthetic overlap
best gaming chair for fgc players under $400,gaming_chairs,buy,fgc_players,low,low,Fighting game community
best gaming chair for fps competitive under $500,gaming_chairs,buy,fps_competitive,mid,high,Esports angle
best gaming chair for valorant players under $400,gaming_chairs,buy,valorant_players,low,mid,Game-specific
best gaming chair for league of legends players,gaming_chairs,buy,lol_players,low,mid,Game-specific
best gaming chair for hsr long farming,gaming_chairs,buy,hsr_players,low,low,On-brand gacha
best gaming chair for wuthering waves grinders,gaming_chairs,buy,wuwa_players,low,low,Newer gacha title
best gaming chair for genshin abyss runs,gaming_chairs,buy,genshin_players,low,low,Highly specific
best gaming chair for zzz late night sessions,gaming_chairs,buy,zzz_players,low,low,Niche gacha audience
best gaming chair under $1000 premium ergonomic,gaming_chairs,buy,premium_buyers,mid,high,Top tier
best gaming chair for tall slim users under $500,gaming_chairs,buy,tall_slim_users,low,low,Specific body type
best gaming chair for wide hips under $400,gaming_chairs,buy,wide_hips,low,low,Body-fit focused
best gaming chair for tall thin women,gaming_chairs,research,tall_women,low,low,Research intent
best gaming chair for college dorm under $250,gaming_chairs,buy,college_students,low,mid,Dorm-friendly
best gaming chair for shared apartments under $300,gaming_chairs,buy,shared_apt,low,low,Quiet/compact
best mesh gaming chair under $400 hot climate,gaming_chairs,buy,hot_climate,low,low,Climate-specific
best leather gaming chair under $500 cold room,gaming_chairs,buy,cold_climate,low,low,Climate-specific
best gaming chair for kids ages 10-14,gaming_chairs,buy,kid_gamers,low,mid,Parent buyer
best racing style gaming chair under $300,gaming_chairs,buy,racing_aesthetic,low,mid,Style search
best minimalist gaming chair under $400 wfh,gaming_chairs,buy,minimalist_wfh,low,low,Aesthetic-first
best white gaming chair under $400 aesthetic setup,gaming_chairs,buy,white_setup,low,low,Color-specific
best pink gaming chair under $400 for women streamers,gaming_chairs,buy,pink_setup,low,low,Aesthetic niche
best gaming chair for vtubers under $500,gaming_chairs,buy,vtubers,low,low,Vtuber overlap with gacha
best gaming chair for sweaty hands hot summer,gaming_chairs,research,sweaty_users,low,low,Material research
best modular gaming chair for growing teens,gaming_chairs,buy,growing_teens,low,low,Long-term value
best gaming chair under $400 with 4d armrests,gaming_chairs,buy,ergo_feature_seekers,low,mid,Feature-specific
best gaming chair for adhd fidgeters under $400,gaming_chairs,research,adhd_users,low,low,Niche need
best gaming chair under $500 with neck pillow,gaming_chairs,buy,neck_pain,low,mid,Feature need
best foldable gaming chair for small rooms,gaming_chairs,buy,foldable_seekers,low,low,Storage need
best gaming chair 2026,gaming_chairs,research,general,high,high,Head term head term tracking only
best ergonomic chair for gamers,gaming_chairs,research,general_ergo,high,high,Head term tracking only
best mechanical keyboard for mmo macros,keyboards_mice,buy,mmo_players,low,low,Macro-key audience
best low profile keyboard for gacha tapping,keyboards_mice,buy,gacha_tappers,low,low,On-brand niche
best mechanical keyboard for jrpg long sessions,keyboards_mice,buy,jrpg_players,low,low,Audience overlap
best wireless mouse for mmo with side buttons under $80,keyboards_mice,buy,mmo_players,mid,mid,Razer Naga territory
best mouse for genshin pc players under $50,keyboards_mice,buy,genshin_pc,low,low,Niche
best keyboard for hsr pc mobile sync,keyboards_mice,buy,hsr_players,low,low,Cross-platform
best 60 percent keyboard for fps players under $100,keyboards_mice,buy,fps_competitive,mid,mid,Compact pref
best 65 percent keyboard for small desk under $120,keyboards_mice,buy,small_desk,low,mid,Form factor
best 75 percent keyboard for wfh coders under $150,keyboards_mice,buy,wfh_coders,low,mid,Crossover
best tkl mechanical keyboard for mmo players,keyboards_mice,buy,mmo_players,low,mid,Form factor + audience
best silent mechanical keyboard for late night gaming,keyboards_mice,buy,late_night_gamers,low,low,Roommate-safe
best linear switch keyboard for valorant under $150,keyboards_mice,buy,valorant_players,low,mid,Game-specific
best tactile switch keyboard for typing and gaming,keyboards_mice,buy,hybrid_use,mid,high,Dual-use
best hot swappable keyboard under $100 beginners,keyboards_mice,buy,hotswap_beginners,mid,high,Entry hotswap
best hot swappable keyboard under $200 enthusiasts,keyboards_mice,buy,hotswap_enthusiasts,low,mid,Mid-tier hotswap
best wireless mechanical keyboard under $150 mac users,keyboards_mice,buy,mac_users,mid,high,Mac-compat
best wireless keyboard for ipad gacha players,keyboards_mice,buy,ipad_gachas,low,low,Mobile-pc bridge
best gaming mouse under $50 for claw grip,keyboards_mice,buy,claw_grip,mid,high,Grip-specific
best gaming mouse under $80 for palm grip large hands,keyboards_mice,buy,palm_grip_large,low,mid,Hand size
best gaming mouse for small hands under $60,keyboards_mice,buy,small_hands,low,mid,Underserved
best lightweight gaming mouse under $100 fps,keyboards_mice,buy,fps_competitive,mid,high,Weight focus
best ultralight mouse under 60g for valorant,keyboards_mice,buy,valorant_players,low,mid,Weight focus
best mmo mouse with 12 side buttons under $100,keyboards_mice,buy,mmo_players,low,low,Specific feature
best wireless mouse with long battery life for gacha,keyboards_mice,buy,gacha_grinders,low,low,Long session
best mouse for honkai star rail auto battle pc,keyboards_mice,research,hsr_players,low,low,Niche
best keypad for mmo macros under $80,keyboards_mice,buy,mmo_players,low,low,Razer Tartarus angle
best keyboard for wuthering waves combos,keyboards_mice,buy,wuwa_players,low,low,Game-specific
best keyboard with rotary knob for streamers under $200,keyboards_mice,buy,streamers,low,low,Feature-specific
best budget mechanical keyboard under $50 students,keyboards_mice,buy,budget_students,mid,high,Entry tier
best mechanical keyboard for cosplayers aesthetic build,keyboards_mice,buy,cosplayers,low,low,Aesthetic
best pastel keyboard under $150 cute setup,keyboards_mice,buy,kawaii_setup,low,low,Aesthetic niche
best keyboard for vtuber streamers under $200,keyboards_mice,buy,vtubers,low,low,Vtuber crossover
best magnetic switch keyboard for fps under $200,keyboards_mice,buy,fps_competitive,low,mid,New tech
best hall effect keyboard for valorant 2026,keyboards_mice,buy,valorant_players,low,low,Emerging tech
best keyboard for wfh and gacha after work,keyboards_mice,buy,wfh_gacha,low,low,Dual-use lifestyle
best ergonomic split keyboard for gamers under $250,keyboards_mice,buy,ergo_split,low,low,Ergonomic crossover
best low profile mechanical keyboard for laptop users,keyboards_mice,buy,laptop_users,low,mid,Form factor
best mouse pad for long gacha sessions large,keyboards_mice,buy,gacha_grinders,low,low,Accessory
best wireless mouse for hsr mobile bluetooth,keyboards_mice,buy,hsr_mobile,low,low,Mobile gacha
best keyboard for one handed mmo macros,keyboards_mice,buy,one_handed,low,low,Accessibility
best mouse for arthritis hand pain under $80,keyboards_mice,research,arthritis_users,low,low,Medical-adjacent
best vertical mouse for gamers wrist pain,keyboards_mice,buy,wrist_pain,low,mid,Ergonomic
best silent mouse under $60 for shared rooms,keyboards_mice,buy,quiet_seekers,low,low,Roommate need
best mechanical keyboard for typing and mmo combo,keyboards_mice,buy,hybrid_typist,mid,high,Dual-use
best wired mouse under $40 budget fps,keyboards_mice,buy,budget_fps,mid,high,Entry tier
best wireless gaming keyboard 2026,keyboards_mice,research,general,high,high,Head term tracking only
best gaming mouse 2026,keyboards_mice,research,general,high,high,Head term tracking only
best mmo mouse 2026,keyboards_mice,research,general_mmo,mid,high,Mid head
best trackball mouse for mmo wrist relief under $100,keyboards_mice,buy,wrist_pain,low,low,Ergo alternative
best controller for hsr mobile to pc sync,keyboards_mice,buy,hsr_players,low,low,Cross-platform controller
best monitor for genshin impact pc 1440p under $400,monitors_displays,buy,genshin_pc,low,mid,Game + spec
best monitor for hsr pc 1440p 144hz under $500,monitors_displays,buy,hsr_players,low,low,Game + spec
best monitor for jrpg color accuracy under $400,monitors_displays,buy,jrpg_players,low,low,Color-focused
best 27 inch monitor for mmo players under $400,monitors_displays,buy,mmo_players,low,mid,Size + audience
best 32 inch monitor for gacha multitasking under $500,monitors_displays,buy,gacha_multitask,low,low,Multi-window
best ultrawide monitor for mmo under $700,monitors_displays,buy,mmo_players,low,mid,Form factor
best ultrawide monitor for ff14 under $800,monitors_displays,buy,ff14_players,low,low,Game-specific
best ultrawide monitor for wow players under $700,monitors_displays,buy,wow_players,low,mid,Game-specific
best 4k monitor for jrpg cutscenes under $500,monitors_displays,buy,jrpg_players,low,low,Cinematic focus
best oled monitor for gacha players under $1000,monitors_displays,buy,oled_gacha,low,mid,Premium
best 240hz monitor for valorant under $400,monitors_displays,buy,valorant_players,mid,high,Esports
best 360hz monitor for fps competitive under $700,monitors_displays,buy,fps_competitive,low,mid,High refresh
best monitor for fighting games under $400,monitors_displays,buy,fgc_players,low,low,Low input lag focus
best portable monitor for switch gacha under $300,monitors_displays,buy,portable_gacha,low,low,Travel
best portable monitor for steam deck under $250,monitors_displays,buy,steam_deck_users,low,mid,Steam deck crossover
best monitor for ipad gacha mirroring under $300,monitors_displays,buy,ipad_gachas,low,low,Cross-device
best curved monitor for long gacha sessions eye strain,monitors_displays,buy,eye_strain,low,mid,Comfort
best monitor for wfh and gaming under $400,monitors_displays,buy,wfh_gamer,mid,high,Dual-use
best monitor for wfh and mmo grinding under $500,monitors_displays,buy,wfh_mmo,low,mid,Dual-use lifestyle
best vertical monitor for mmo chat under $300,monitors_displays,buy,mmo_secondary,low,low,Multi-monitor
best secondary monitor for streamers under $250,monitors_displays,buy,streamers,low,mid,Setup accessory
best monitor for vtubers under $500 color accurate,monitors_displays,buy,vtubers,low,low,Vtuber niche
best monitor for cosplay photo editing and gaming,monitors_displays,buy,cosplay_editors,low,low,Crossover
best 1080p monitor for budget gachas under $200,monitors_displays,buy,budget_under_200,mid,high,Entry tier
best 1440p monitor for budget mmo under $300,monitors_displays,buy,budget_mmo,mid,high,Sweet spot
best 4k monitor for premium gacha under $800,monitors_displays,buy,premium_gacha,low,mid,Premium
best monitor for adhd focus under $400 wfh,monitors_displays,research,adhd_users,low,low,Niche
best monitor for kids gaming under $250 eye safe,monitors_displays,buy,kid_gamers,low,low,Parent buyer
best low blue light monitor for late night gacha,monitors_displays,buy,late_night_gamers,low,low,Eye comfort
best matte monitor for sunny room gaming under $400,monitors_displays,buy,sunny_room,low,low,Glare-specific
best glossy monitor for dark room jrpg under $500,monitors_displays,buy,dark_room,low,low,Environment-specific
best monitor for honkai star rail and apex combo,monitors_displays,buy,multi_game,low,low,Multi-game
best monitor for genshin and valorant under $500,monitors_displays,buy,multi_game,low,low,Multi-game
best monitor for gacha streamers under $600,monitors_displays,buy,gacha_streamers,low,low,Streamer niche
best monitor for fgc training mode under $400,monitors_displays,buy,fgc_players,low,low,Training focus
best 27 inch 1440p 144hz monitor under $350,monitors_displays,buy,spec_seekers,mid,high,Spec head term
best ips monitor for gacha color under $400,monitors_displays,buy,color_seekers,low,mid,Panel-specific
best va monitor for jrpg contrast under $400,monitors_displays,buy,contrast_seekers,low,low,Panel-specific
best monitor with usb c for laptop gachas under $500,monitors_displays,buy,laptop_users,low,mid,Connectivity
best monitor with kvm for wfh streamer under $600,monitors_displays,buy,kvm_seekers,low,low,Multi-pc
best monitor for ps5 gacha port under $500,monitors_displays,buy,ps5_users,low,mid,Console crossover
best gsync monitor for nvidia gacha rigs under $500,monitors_displays,buy,nvidia_users,low,mid,Tech-specific
best freesync monitor for amd budget builds under $300,monitors_displays,buy,amd_users,low,mid,Tech-specific
best monitor under $200 for college dorm gamer,monitors_displays,buy,college_students,low,mid,Dorm
best tall stand monitor for ergonomic setup under $500,monitors_displays,buy,ergo_setup,low,low,Ergonomic
best monitor with built in speakers for small desk,monitors_displays,buy,small_desk,low,low,All-in-one
best monitor for jrpg pixel art retro under $300,monitors_displays,buy,retro_jrpg,low,low,Retro aesthetic
best 5k monitor for mac gachas under $1500,monitors_displays,buy,mac_premium,low,low,Premium mac
best gaming monitor 2026,monitors_displays,research,general,high,high,Head term tracking only
best 4k gaming monitor,monitors_displays,research,general_4k,high,high,Head term tracking only
best wireless headset for mmo voice chat under $150,audio_headphones,buy,mmo_players,mid,mid,Audience overlap
best headset for genshin asmr details under $200,audio_headphones,buy,genshin_audiophile,low,low,Audio-focused niche
best headset for hsr ost listening under $150,audio_headphones,buy,hsr_audiophile,low,low,Soundtrack focus
best headset for jrpg voice acting clarity under $200,audio_headphones,buy,jrpg_audiophile,low,low,Dialogue focus
best open back headphones for long gacha sessions,audio_headphones,buy,gacha_grinders,low,low,Comfort focus
best closed back headphones for late night gaming,audio_headphones,buy,late_night_gamers,low,mid,Noise isolation
best headset under $100 for mmo guild chat,audio_headphones,buy,mmo_budget,mid,high,Entry mmo
best headset under $200 for valorant footsteps,audio_headphones,buy,valorant_players,mid,mid,Competitive audio
best headset for fgc tournament travel under $150,audio_headphones,buy,fgc_travelers,low,low,Travel + esports
best wireless earbuds for mobile gacha under $100,audio_headphones,buy,mobile_gachas,low,mid,Mobile focus
best wireless earbuds for hsr mobile under $80,audio_headphones,buy,hsr_mobile,low,low,Mobile gacha
best earbuds for genshin mobile low latency,audio_headphones,buy,genshin_mobile,low,low,Latency-focused
best bluetooth headphones for ipad gacha under $200,audio_headphones,buy,ipad_gachas,low,low,Cross-device
best headset for vtuber streamer under $250,audio_headphones,buy,vtubers,low,low,Streamer overlap
best mic for vtuber streamer under $200,audio_headphones,buy,vtubers,low,low,Streaming gear
best mic for gacha streamer under $150,audio_headphones,buy,gacha_streamers,low,low,Streamer niche
best xlr mic for streamer under $300 entry,audio_headphones,buy,streamer_upgrade,low,mid,Mic tier
best usb mic for streamer under $100 beginner,audio_headphones,buy,streamer_beginner,mid,high,Entry mic
best headset for glasses wearers under $150 gaming,audio_headphones,buy,glasses_wearers,low,low,Comfort niche
best headset for small heads under $100,audio_headphones,buy,small_head,low,low,Fit niche
best headset for big heads over xl size under $200,audio_headphones,buy,big_head,low,low,Fit niche
best wireless headset for wfh and gaming combo,audio_headphones,buy,wfh_gamer,mid,high,Dual-use
best headset for zoom meetings and mmo guild voice,audio_headphones,buy,wfh_mmo,low,mid,Dual-use
best noise cancelling headphones for shared apartments gacha,audio_headphones,buy,shared_apt,low,low,Roommate-friendly
best headphones for cafe gacha grinding under $300,audio_headphones,buy,cafe_gamers,low,low,Mobile lifestyle
best gaming earbuds for switch gacha under $100,audio_headphones,buy,switch_users,low,low,Console crossover
best headset for ps5 gacha port under $150,audio_headphones,buy,ps5_users,low,mid,Console
best planar magnetic headphones for jrpg ost under $400,audio_headphones,buy,audiophile_jrpg,low,low,Audiophile niche
best dac amp for mmo headset under $200,audio_headphones,buy,audiophile_mmo,low,low,Audio chain
best soundbar for jrpg console setup under $300,audio_headphones,buy,console_audio,low,low,Living room
best 5.1 speakers for jrpg immersion under $500,audio_headphones,buy,immersion_seekers,low,low,Surround
best desk speakers for wfh and gaming under $200,audio_headphones,buy,desk_speakers,low,mid,Crossover
best gaming headphones for adhd focus,audio_headphones,research,adhd_users,low,low,Niche need
best headphones for tinnitus sufferers gaming,audio_headphones,research,tinnitus_users,low,low,Medical-adjacent
best headset for long sessions no ear pain under $200,audio_headphones,buy,ear_pain,low,mid,Comfort-focused
best lightweight headset under 300g for long sessions,audio_headphones,buy,lightweight_seekers,low,low,Weight focus
best cooling headset for hot climate gaming,audio_headphones,buy,hot_climate,low,low,Climate niche
best leatherette headset for cold climate gaming,audio_headphones,buy,cold_climate,low,low,Climate niche
best pink headset under $150 kawaii setup,audio_headphones,buy,kawaii_setup,low,low,Aesthetic niche
best white headset for aesthetic setup under $200,audio_headphones,buy,white_setup,low,low,Aesthetic
best headset with anime aesthetic under $150,audio_headphones,buy,anime_aesthetic,low,low,On-brand
best wireless headset for ff14 raids under $200,audio_headphones,buy,ff14_players,low,low,Game-specific
best wireless headset for wow raids under $200,audio_headphones,buy,wow_players,low,mid,Game-specific
best mic for discord mmo guild leader,audio_headphones,buy,mmo_leaders,low,low,Use case
best headphones for streamer monitoring under $250,audio_headphones,buy,streamer_monitoring,low,low,Pro use
best wireless earbuds with usb c dongle for switch,audio_headphones,buy,switch_low_latency,low,low,Dongle workaround
best gaming headset 2026,audio_headphones,research,general,high,high,Head term tracking only
best wireless gaming headset,audio_headphones,research,general_wireless,high,high,Head term tracking only
best headset for mmo raid callouts under $180,audio_headphones,buy,mmo_raid_leaders,low,low,Voice clarity for raids
best wireless headset for gacha autobattle long under $200,audio_headphones,buy,gacha_autoplay,low,low,Long battery life need
best standing desk for mmo grinders under $400,desk_ergonomics,buy,mmo_players,low,mid,Standing during raids
best standing desk for gacha players under $500,desk_ergonomics,buy,gacha_grinders,low,low,Audience overlap
best monitor arm for ultrawide mmo under $150,desk_ergonomics,buy,mmo_ultrawide,low,mid,Setup accessory
best monitor arm for dual monitor gacha setup under $100,desk_ergonomics,buy,dual_monitor_gacha,low,mid,Dual-mon
best ergonomic mouse for mmo wrist pain under $80,desk_ergonomics,buy,wrist_pain,low,mid,Crossover with mice
best wrist rest for mmo keyboard under $40,desk_ergonomics,buy,mmo_players,low,low,Accessory
best wrist rest for long gacha sessions under $30,desk_ergonomics,buy,gacha_grinders,low,low,Accessory
best lumbar support for gaming chair under $50,desk_ergonomics,buy,back_pain,low,mid,Chair add-on
best footrest for short users under desk under $50,desk_ergonomics,buy,short_users,low,low,Comfort niche
best footrest for back pain gamer under $80,desk_ergonomics,buy,back_pain,low,low,Comfort
best desk mat for mmo extended layout under $50,desk_ergonomics,buy,mmo_players,low,low,Accessory
best xxl desk mat for gacha setup under $40,desk_ergonomics,buy,gacha_setup,low,low,Aesthetic + function
best monitor riser for laptop gachas under $50,desk_ergonomics,buy,laptop_users,low,mid,Posture
best laptop stand for ipad gacha sidecar under $60,desk_ergonomics,buy,ipad_gachas,low,low,Cross-device
best cable management for streamer desk under $40,desk_ergonomics,buy,streamers,low,low,Setup hygiene
best under desk drawer for mmo accessories under $60,desk_ergonomics,buy,desk_organization,low,low,Storage
best desk light for late night gacha under $80,desk_ergonomics,buy,late_night_gamers,low,low,Lighting
best monitor light bar for eye strain gaming under $100,desk_ergonomics,buy,eye_strain,low,mid,Lighting
best blue light glasses for gacha grinders under $50,desk_ergonomics,buy,blue_light,low,mid,Eye care
best desk for tall users over 6ft4 under $500,desk_ergonomics,buy,tall_users,low,low,Body-fit
best desk for short users under 5ft4 under $400,desk_ergonomics,buy,short_users,low,low,Body-fit
best l shaped desk for streamer dual setup under $500,desk_ergonomics,buy,streamers,low,mid,Setup form
best small desk for studio apartment gamer under $300,desk_ergonomics,buy,small_space,low,mid,Apartment
best dorm desk for college gachas under $200,desk_ergonomics,buy,college_students,low,low,Dorm
best desk for wfh and gaming dual use under $400,desk_ergonomics,buy,wfh_gamer,mid,high,Dual-use
best desk for adhd focused gamer under $400,desk_ergonomics,research,adhd_users,low,low,Niche
best chair mat for gaming chair hardwood under $80,desk_ergonomics,buy,hardwood_floor,low,low,Floor protection
best chair mat for carpet gaming chair under $100,desk_ergonomics,buy,carpet_floor,low,low,Floor protection
best anti fatigue mat for standing gacha grinder under $60,desk_ergonomics,buy,standing_grinders,low,low,Standing aid
best headphone stand for streamer desk under $40,desk_ergonomics,buy,streamers,low,low,Accessory
best controller stand for gacha switch under $30,desk_ergonomics,buy,switch_gachas,low,low,Accessory
best phone holder for mobile gacha grinder under $30,desk_ergonomics,buy,mobile_gachas,low,low,Mobile gacha
best tablet stand for ipad gacha hands free under $50,desk_ergonomics,buy,ipad_gachas,low,low,Hands-free
best cooling fan for desk gacha hot climate under $50,desk_ergonomics,buy,hot_climate,low,low,Climate
best space heater for cold desk gaming under $80,desk_ergonomics,buy,cold_climate,low,low,Climate
best ergonomic split keyboard tray under $100,desk_ergonomics,buy,ergo_split,low,low,Ergo accessory
best keyboard tray under desk for tall users under $80,desk_ergonomics,buy,tall_users,low,low,Posture
best mousepad with wrist rest for mmo under $40,desk_ergonomics,buy,mmo_players,low,mid,Crossover
best balance ball chair for posture gamers under $100,desk_ergonomics,buy,posture_focused,low,low,Alt seating
best kneeling chair for back pain gamer under $200,desk_ergonomics,buy,back_pain,low,low,Alt seating
best saddle stool for posture wfh gamer under $250,desk_ergonomics,buy,posture_focused,low,low,Alt seating
best treadmill desk for mmo afk grinding under $500,desk_ergonomics,buy,mmo_players,low,low,Niche unusual
best under desk bike for gacha autoplay under $300,desk_ergonomics,buy,gacha_autoplay,low,low,Niche unusual
best ergonomic accessories bundle wfh gamer under $200,desk_ergonomics,research,wfh_gamer,low,mid,Bundle research
best green screen for gacha streamer under $100,desk_ergonomics,buy,streamers,low,mid,Streamer gear
best ring light for vtuber streamer under $80,desk_ergonomics,buy,vtubers,low,mid,Vtuber gear
best webcam for vtuber face tracking under $100,desk_ergonomics,buy,vtubers,low,mid,Vtuber gear
best standing desk converter for renters under $200,desk_ergonomics,buy,renters,low,low,Non-permanent
best ergonomic desk setup under $1000 full bundle,desk_ergonomics,research,full_setup,mid,high,Bundle head
best standing desk 2026,desk_ergonomics,research,general,high,high,Head term tracking only
